"ID","pred"
"2026_1103_1104",0.292206632601763
"2026_1103_1112",0.133486170911627
"2026_1103_1116",0.52566415006347
"2026_1103_1140",0.653081303615699
"2026_1103_1155",0.580489224875858
"2026_1103_1163",0.177831085315684
"2026_1103_1181",0.082440929729528
"2026_1103_1196",0.184992305312523
"2026_1103_1202",0.946700369369837
"2026_1103_1208",0.747243143909446
"2026_1103_1211",0.195347896448103
"2026_1103_1218",0.858657392603653
"2026_1103_1219",0.509797164627997
"2026_1103_1220",0.905170967158376
"2026_1103_1222",0.22705834733113
"2026_1103_1224",0.970456706228632
"2026_1103_1225",0.987272966758133
"2026_1103_1228",0.461803771136652
"2026_1103_1234",0.754849631634394
"2026_1103_1235",0.383007575559761
"2026_1103_1242",0.466444864628855
"2026_1103_1244",0.939512261504449
"2026_1103_1246",0.631724289692241
"2026_1103_1250",0.987284399533453
"2026_1103_1254",0.92979015644753
"2026_1103_1257",0.638793456040883
"2026_1103_1270",0.554266559182155
"2026_1103_1274",0.680355773246059
"2026_1103_1275",0.316355382967967
"2026_1103_1276",0.116345311875241
"2026_1103_1277",0.239847528287362
"2026_1103_1281",0.700625582158184
"2026_1103_1295",0.812274895112903
"2026_1103_1301",0.82087628908557
"2026_1103_1304",0.428693436835886
"2026_1103_1314",0.415853347640183
"2026_1103_1320",0.908522458619817
"2026_1103_1326",0.792415428072325
"2026_1103_1335",0.956407958991915
"2026_1103_1341",0.997853975534499
"2026_1103_1345",0.455886653750135
"2026_1103_1365",0.5779284277565
"2026_1103_1373",0.938096601720339
"2026_1103_1374",0.804560742288603
"2026_1103_1378",0.73504567059596
"2026_1103_1385",0.27264921960164
"2026_1103_1387",0.430794097089608
"2026_1103_1388",0.222615864032784
"2026_1103_1395",0.777686595073099
"2026_1103_1397",0.52864607398707
"2026_1103_1398",0.908280828780288
"2026_1103_1400",0.801758818640727
"2026_1103_1401",0.752935563442945
"2026_1103_1403",0.335883823794115
"2026_1103_1407",0.901285601948687
"2026_1103_1416",0.731021340740216
"2026_1103_1417",0.733181942607316
"2026_1103_1420",0.939941483249686
"2026_1103_1429",0.43692961962067
"2026_1103_1433",0.491590303403846
"2026_1103_1435",0.608970276313538
"2026_1103_1437",0.583378151188311
"2026_1103_1438",0.368954352285032
"2026_1103_1458",0.593459343173557
"2026_1103_1460",0.927028982649877
"2026_1103_1465",0.84715347477201
"2026_1103_1474",0.958166316136332
"2026_1104_1112",0.27178240419606
"2026_1104_1116",0.728619339990033
"2026_1104_1140",0.820169049152064
"2026_1104_1155",0.7702395056953
"2026_1104_1163",0.343839673077474
"2026_1104_1181",0.178762699862965
"2026_1104_1196",0.354801103432276
"2026_1104_1202",0.977289050308348
"2026_1104_1208",0.877486967376692
"2026_1104_1211",0.370342932349193
"2026_1104_1218",0.936378318375005
"2026_1104_1219",0.715871833915531
"2026_1104_1220",0.95854985804226
"2026_1104_1222",0.415781665060057
"2026_1104_1224",0.987590331322606
"2026_1104_1225",0.994707196113973
"2026_1104_1228",0.67519990007787
"2026_1104_1234",0.881793920720863
"2026_1104_1235",0.600627426516171
"2026_1104_1242",0.679278804873426
"2026_1104_1244",0.974113399466147
"2026_1104_1246",0.80604340956023
"2026_1104_1250",0.994711986443277
"2026_1104_1254",0.969773761801708
"2026_1104_1257",0.810768783995889
"2026_1104_1270",0.750785620688686
"2026_1104_1274",0.837574301263754
"2026_1104_1275",0.52854643311145
"2026_1104_1276",0.241839335516009
"2026_1104_1277",0.433242583896034
"2026_1104_1281",0.850071334185148
"2026_1104_1295",0.912913732993971
"2026_1104_1301",0.917373009540815
"2026_1104_1304",0.64512950463165
"2026_1104_1314",0.632989330722811
"2026_1104_1320",0.960097971203439
"2026_1104_1326",0.902421894193816
"2026_1104_1335",0.981534119015283
"2026_1104_1341",0.999113083095834
"2026_1104_1345",0.669952156568825
"2026_1104_1365",0.768374816414921
"2026_1104_1373",0.97348469270095
"2026_1104_1374",0.908871149139039
"2026_1104_1378",0.870485382132724
"2026_1104_1385",0.475933422094226
"2026_1104_1387",0.647089482172369
"2026_1104_1388",0.409603467526771
"2026_1104_1395",0.89445880865767
"2026_1104_1397",0.730978345768212
"2026_1104_1398",0.959986573542737
"2026_1104_1400",0.907392545238764
"2026_1104_1401",0.880714372759148
"2026_1104_1403",0.550623520012998
"2026_1104_1407",0.956747042708161
"2026_1104_1416",0.868149205608797
"2026_1104_1417",0.869405091241411
"2026_1104_1420",0.974303806493461
"2026_1104_1429",0.652772739026854
"2026_1104_1433",0.700827214652629
"2026_1104_1435",0.79048774672552
"2026_1104_1437",0.772334215263247
"2026_1104_1438",0.586175382060913
"2026_1104_1458",0.77957077561979
"2026_1104_1460",0.968531822355982
"2026_1104_1465",0.930689519975021
"2026_1104_1474",0.982297729987533
"2026_1112_1116",0.878001504627014
"2026_1112_1140",0.924387090305173
"2026_1112_1155",0.899860427040151
"2026_1112_1163",0.58413731801736
"2026_1112_1181",0.368480220984835
"2026_1112_1196",0.595803405532745
"2026_1112_1202",0.991405029413791
"2026_1112_1208",0.950492464437893
"2026_1112_1211",0.611890241146811
"2026_1112_1218",0.975279130577025
"2026_1112_1219",0.871028851303836
"2026_1112_1220",0.984123961771743
"2026_1112_1222",0.656085076039534
"2026_1112_1224",0.995334123224075
"2026_1112_1225",0.998018882130497
"2026_1112_1228",0.847846474971352
"2026_1112_1234",0.952372208832434
"2026_1112_1235",0.801244500752632
"2026_1112_1242",0.850238148827974
"2026_1112_1244",0.990183376150568
"2026_1112_1246",0.917625533677511
"2026_1112_1250",0.99802068113426
"2026_1112_1254",0.98850592668399
"2026_1112_1257",0.919902565557956
"2026_1112_1270",0.889811520648818
"2026_1112_1274",0.932535140408448
"2026_1112_1275",0.750320189218741
"2026_1112_1276",0.460927062642844
"2026_1112_1277",0.672029172825119
"2026_1112_1281",0.93826441536636
"2026_1112_1295",0.965635183417912
"2026_1112_1301",0.967490977250475
"2026_1112_1304",0.829729134786745
"2026_1112_1314",0.822163296521257
"2026_1112_1320",0.984732126699838
"2026_1112_1326",0.96122525526054
"2026_1112_1335",0.993030394640519
"2026_1112_1341",0.999668940922803
"2026_1112_1345",0.844746763920596
"2026_1112_1365",0.89890964762271
"2026_1112_1373",0.989940929931521
"2026_1112_1374",0.963943291715445
"2026_1112_1378",0.947413084370331
"2026_1112_1385",0.708822045529118
"2026_1112_1387",0.830936740519841
"2026_1112_1388",0.650310833871867
"2026_1112_1395",0.957836742759595
"2026_1112_1397",0.879277137945827
"2026_1112_1398",0.984688405375774
"2026_1112_1400",0.963322196204926
"2026_1112_1401",0.951902076889301
"2026_1112_1403",0.766598122368957
"2026_1112_1407",0.983414209636342
"2026_1112_1416",0.946379049198701
"2026_1112_1417",0.946935337589421
"2026_1112_1420",0.990256763891492
"2026_1112_1429",0.834416931032934
"2026_1112_1433",0.86262323282803
"2026_1112_1435",0.910019953190014
"2026_1112_1437",0.900925397961914
"2026_1112_1438",0.791532440911687
"2026_1112_1458",0.90457956149713
"2026_1112_1460",0.988024152028014
"2026_1112_1465",0.972968273979281
"2026_1112_1474",0.993321840009991
"2026_1116_1140",0.629445876471325
"2026_1116_1155",0.55527594543446
"2026_1116_1163",0.163299184492618
"2026_1116_1181",0.0749930538774774
"2026_1116_1196",0.169996206419807
"2026_1116_1202",0.941270169046315
"2026_1116_1208",0.727344634667546
"2026_1116_1211",0.179697427086838
"2026_1116_1218",0.845719110981439
"2026_1116_1219",0.484111063757134
"2026_1116_1220",0.895974640365424
"2026_1116_1222",0.209528908293334
"2026_1116_1224",0.967363378660078
"2026_1116_1225",0.985914828654343
"2026_1116_1228",0.436383159847401
"2026_1116_1234",0.735337854334132
"2026_1116_1235",0.359030897433957
"2026_1116_1242",0.440978105070452
"2026_1116_1244",0.933401250263985
"2026_1116_1246",0.607508277192971
"2026_1116_1250",0.985927464063645
"2026_1116_1254",0.922777663529422
"2026_1116_1257",0.614758810148939
"2026_1116_1270",0.528756677757993
"2026_1116_1274",0.657604333327106
"2026_1116_1275",0.294559204576877
"2026_1116_1276",0.106188926465094
"2026_1116_1277",0.221613823640215
"2026_1116_1281",0.67863541342138
"2026_1116_1295",0.796099055902678
"2026_1116_1301",0.805263924728018
"2026_1116_1304",0.403728201887092
"2026_1116_1314",0.391123943503805
"2026_1116_1320",0.899615107330238
"2026_1116_1326",0.775002353851472
"2026_1116_1335",0.951916541419193
"2026_1116_1341",0.997622247727701
"2026_1116_1345",0.430531201205113
"2026_1116_1365",0.552679840521537
"2026_1116_1373",0.931852941965427
"2026_1116_1374",0.787893765700448
"2026_1116_1378",0.714553721765489
"2026_1116_1385",0.252751003018612
"2026_1116_1387",0.405793420982157
"2026_1116_1388",0.205338282330108
"2026_1116_1395",0.759413121728274
"2026_1116_1397",0.502984736308062
"2026_1116_1398",0.899352555973715
"2026_1116_1400",0.784916772861975
"2026_1116_1401",0.73332526335753
"2026_1116_1403",0.31335889423505
"2026_1116_1407",0.89175753834341
"2026_1116_1416",0.71034079763383
"2026_1116_1417",0.712602209451076
"2026_1116_1420",0.933870783583184
"2026_1116_1429",0.411830496842514
"2026_1116_1433",0.465949589368421
"2026_1116_1435",0.584242761635
"2026_1116_1437",0.558206356751737
"2026_1116_1438",0.345364977653404
"2026_1116_1458",0.568446065395571
"2026_1116_1460",0.919764504808531
"2026_1116_1465",0.83336650048535
"2026_1116_1474",0.953847324799596
"2026_1140_1155",0.423612280719145
"2026_1140_1163",0.103043539740602
"2026_1140_1181",0.0455476405414198
"2026_1140_1196",0.107587182688563
"2026_1140_1202",0.904158532000183
"2026_1140_1208",0.61092894246589
"2026_1140_1211",0.114216990824359
"2026_1140_1218",0.763405065475949
"2026_1140_1219",0.355820664443743
"2026_1140_1220",0.835250321268349
"2026_1140_1222",0.134966629681595
"2026_1140_1224",0.945790557507336
"2026_1140_1225",0.976304150216517
"2026_1140_1228",0.31306536283326
"2026_1140_1234",0.620554584131537
"2026_1140_1235",0.247955545602458
"2026_1140_1242",0.317092352676923
"2026_1140_1244",0.891888325543298
"2026_1140_1246",0.476736108505247
"2026_1140_1250",0.976325200066388
"2026_1140_1254",0.875525828740505
"2026_1140_1257",0.48435192487374
"2026_1140_1270",0.397757093116949
"2026_1140_1274",0.530627429728373
"2026_1140_1275",0.197290441624984
"2026_1140_1276",0.0653601973227576
"2026_1140_1277",0.143531920874187
"2026_1140_1281",0.554170206144992
"2026_1140_1295",0.696802194206958
"2026_1140_1301",0.70879765960227
"2026_1140_1304",0.284972591288713
"2026_1140_1314",0.274369860897545
"2026_1140_1320",0.840637913001279
"2026_1140_1326",0.669694348851659
"2026_1140_1335",0.920967529143761
"2026_1140_1341",0.995967169960143
"2026_1140_1345",0.307963516867715
"2026_1140_1365",0.421048946125616
"2026_1140_1373",0.889489176402521
"2026_1140_1374",0.686176219886235
"2026_1140_1378",0.595712325138789
"2026_1140_1385",0.166038605465961
"2026_1140_1387",0.286722442970459
"2026_1140_1388",0.132018207460029
"2026_1140_1395",0.650102891031255
"2026_1140_1397",0.373312049181428
"2026_1140_1398",0.840248501575993
"2026_1140_1400",0.682347161529487
"2026_1140_1401",0.618122431310026
"2026_1140_1403",0.21174553061251
"2026_1140_1407",0.829041219288553
"2026_1140_1416",0.59074998288823
"2026_1140_1417",0.593410641775401
"2026_1140_1420",0.892616861903916
"2026_1140_1429",0.291858159832764
"2026_1140_1433",0.339306560961429
"2026_1140_1435",0.452702315285994
"2026_1140_1437",0.42651424083931
"2026_1140_1438",0.236954548758536
"2026_1140_1458",0.436726240630311
"2026_1140_1460",0.870926829488238
"2026_1140_1465",0.746437884527881
"2026_1140_1474",0.924041899696494
"2026_1155_1163",0.135174563915901
"2026_1155_1181",0.0609689475721256
"2026_1155_1196",0.140912425171961
"2026_1155_1202",0.927721461852859
"2026_1155_1208",0.681161277231068
"2026_1155_1211",0.149252368846342
"2026_1155_1218",0.814472005248883
"2026_1155_1219",0.429067860309922
"2026_1155_1220",0.873382102610216
"2026_1155_1222",0.175108585779875
"2026_1155_1224",0.959575737107874
"2026_1155_1225",0.98247367109514
"2026_1155_1228",0.382740545565952
"2026_1155_1234",0.689931237909619
"2026_1155_1235",0.309672481619105
"2026_1155_1242",0.387158650934728
"2026_1155_1244",0.918194987303879
"2026_1155_1246",0.553487613976298
"2026_1155_1250",0.982489338642622
"2026_1155_1254",0.905391614176436
"2026_1155_1257",0.561014972989482
"2026_1155_1270",0.47329435698726
"2026_1155_1274",0.606006983984642
"2026_1155_1275",0.250598853369986
"2026_1155_1276",0.0868789480853211
"2026_1155_1277",0.1856745706715
"2026_1155_1281",0.628416522735737
"2026_1155_1295",0.757681694408633
"2026_1155_1301",0.768070268730523
"2026_1155_1304",0.351595620641763
"2026_1155_1314",0.339691713839094
"2026_1155_1320",0.877705298815887
"2026_1155_1326",0.73393854998357
"2026_1155_1335",0.940669091315534
"2026_1155_1341",0.997032729112932
"2026_1155_1345",0.377126607953265
"2026_1155_1365",0.497356571505423
"2026_1155_1373",0.916324850549069
"2026_1155_1374",0.748418984481913
"2026_1155_1378",0.667195132513713
"2026_1155_1385",0.213144924894808
"2026_1155_1387",0.353552285520754
"2026_1155_1388",0.171457053682942
"2026_1155_1395",0.716544771412618
"2026_1155_1397",0.447657713479198
"2026_1155_1398",0.877393253358234
"2026_1155_1400",0.74506721558546
"2026_1155_1401",0.687719993687299
"2026_1155_1403",0.26765738590785
"2026_1155_1407",0.868383658594641
"2026_1155_1416",0.662613267484795
"2026_1155_1417",0.665071605341149
"2026_1155_1420",0.918762396904659
"2026_1155_1429",0.359282087901805
"2026_1155_1433",0.411324924810813
"2026_1155_1435",0.529499933337921
"2026_1155_1437",0.502951887942332
"2026_1155_1438",0.297014727723308
"2026_1155_1458",0.513355778024008
"2026_1155_1460",0.901772277873359
"2026_1155_1465",0.800208599369803
"2026_1155_1474",0.943024482010571
"2026_1163_1181",0.293553952276267
"2026_1163_1196",0.512139167886495
"2026_1163_1202",0.987973018222492
"2026_1163_1208",0.931846918749758
"2026_1163_1211",0.528923068853641
"2026_1163_1218",0.965631198307513
"2026_1163_1219",0.827875284107472
"2026_1163_1220",0.977849544603523
"2026_1163_1222",0.576019242328358
"2026_1163_1224",0.993460668682866
"2026_1163_1225",0.997220408295087
"2026_1163_1228",0.798728503998
"2026_1163_1234",0.934385742046133
"2026_1163_1235",0.741666359346901
"2026_1163_1242",0.801711686615189
"2026_1163_1244",0.986270308774628
"2026_1163_1246",0.88805944546701
"2026_1163_1250",0.997222930355461
"2026_1163_1254",0.983935048888184
"2026_1163_1257",0.891056726559927
"2026_1163_1270",0.851873847397476
"2026_1163_1274",0.90778266029276
"2026_1163_1275",0.681544225367028
"2026_1163_1276",0.37846838696318
"2026_1163_1277",0.59337469484213
"2026_1163_1281",0.915423328909283
"2026_1163_1295",0.952407131660022
"2026_1163_1301",0.954943945114965
"2026_1163_1304",0.776305639302932
"2026_1163_1314",0.767032486431081
"2026_1163_1320",0.978692860347052
"2026_1163_1326",0.946393924931301
"2026_1163_1335",0.99024101059341
"2026_1163_1341",0.999535200463653
"2026_1163_1345",0.794870246826382
"2026_1163_1365",0.863624348378248
"2026_1163_1373",0.985932592508892
"2026_1163_1374",0.950097635937793
"2026_1163_1378",0.927696004236737
"2026_1163_1385",0.634188193075305
"2026_1163_1387",0.777790667242749
"2026_1163_1388",0.569782209723872
"2026_1163_1395",0.941787799900226
"2026_1163_1397",0.8383713135909
"2026_1163_1398",0.978632220150983
"2026_1163_1400",0.949250598225958
"2026_1163_1401",0.933750416855251
"2026_1163_1403",0.70051632837935
"2026_1163_1407",0.976865883056992
"2026_1163_1416",0.926304423106555
"2026_1163_1417",0.927052921913166
"2026_1163_1420",0.986372547469835
"2026_1163_1429",0.782077958763312
"2026_1163_1433",0.817247256764257
"2026_1163_1435",0.87808672369719
"2026_1163_1437",0.866238993605159
"2026_1163_1438",0.730023984710038
"2026_1163_1458",0.870989295567818
"2026_1163_1460",0.98326492919122
"2026_1163_1465",0.962453193251088
"2026_1163_1474",0.990648000089948
"2026_1181_1196",0.716522505943025
"2026_1181_1202",0.994969604049234
"2026_1181_1208",0.970520084301321
"2026_1181_1211",0.729982203598531
"2026_1181_1218",0.985433301736678
"2026_1181_1219",0.920514191539878
"2026_1181_1220",0.9906798109358
"2026_1181_1222",0.765874980952559
"2026_1181_1224",0.997273673867695
"2026_1181_1225",0.998843706259316
"2026_1181_1228",0.905259243636382
"2026_1181_1234",0.97166207420819
"2026_1181_1235",0.873620663832994
"2026_1181_1242",0.9068476093755
"2026_1181_1244",0.994251666890484
"2026_1181_1246",0.950253156960286
"2026_1181_1250",0.998844757127842
"2026_1181_1254",0.993264671932298
"2026_1181_1257",0.95167577793758
"2026_1181_1270",0.932647347386684
"2026_1181_1274",0.959517762053614
"2026_1181_1275",0.837478901573865
"2026_1181_1276",0.594513653636847
"2026_1181_1277",0.778447959776611
"2026_1181_1281",0.963046411613454
"2026_1181_1295",0.979668052719179
"2026_1181_1301",0.98078111596835
"2026_1181_1304",0.893116383728211
"2026_1181_1314",0.887986868679934
"2026_1181_1320",0.991039127014903
"2026_1181_1326",0.977016055972562
"2026_1181_1335",0.995923656489438
"2026_1181_1341",0.999806907896284
"2026_1181_1345",0.90319561604912
"2026_1181_1365",0.938453214525679
"2026_1181_1373",0.99410909957866
"2026_1181_1374",0.978651770783452
"2026_1181_1378",0.968645333121561
"2026_1181_1385",0.806735702763172
"2026_1181_1387",0.893931899633438
"2026_1181_1388",0.761273353693454
"2026_1181_1395",0.974971565188467
"2026_1181_1397",0.925867023474299
"2026_1181_1398",0.99101330169324
"2026_1181_1400",0.978278327170465
"2026_1181_1401",0.971376629001727
"2026_1181_1403",0.849216418015803
"2026_1181_1407",0.990260243128351
"2026_1181_1416",0.968014700200864
"2026_1181_1417",0.968354036059321
"2026_1181_1420",0.994294815882381
"2026_1181_1429",0.896277196434747
"2026_1181_1433",0.915019090200949
"2026_1181_1435",0.9454810825481
"2026_1181_1437",0.939733327222547
"2026_1181_1438",0.866857540953986
"2026_1181_1458",0.942048211134977
"2026_1181_1460",0.992980943999028
"2026_1181_1465",0.984056119011804
"2026_1181_1474",0.99609459123269
"2026_1196_1202",0.987386064173918
"2026_1196_1208",0.92871846289544
"2026_1196_1211",0.516887995561036
"2026_1196_1218",0.963993631558664
"2026_1196_1219",0.820891521589213
"2026_1196_1220",0.976780145196692
"2026_1196_1222",0.564195999607518
"2026_1196_1224",0.993139669351896
"2026_1196_1225",0.997083423312363
"2026_1196_1228",0.790860893844802
"2026_1196_1234",0.931365242987942
"2026_1196_1235",0.732315752507069
"2026_1196_1242",0.793930602372061
"2026_1196_1244",0.985601468266265
"2026_1196_1246",0.883172992868144
"2026_1196_1250",0.997086069302764
"2026_1196_1254",0.983154389499689
"2026_1196_1257",0.886284358160716
"2026_1196_1270",0.845682296630995
"2026_1196_1274",0.903663772908991
"2026_1196_1275",0.67098283739995
"2026_1196_1276",0.367188298336326
"2026_1196_1277",0.581683956402676
"2026_1196_1281",0.911612483710749
"2026_1196_1295",0.950171992534004
"2026_1196_1301",0.952822042666175
"2026_1196_1304",0.767816320732513
"2026_1196_1314",0.758300815824866
"2026_1196_1320",0.977663245261584
"2026_1196_1326",0.943893019666401
"2026_1196_1335",0.989763594803658
"2026_1196_1341",0.999512238223302
"2026_1196_1345",0.786892058639272
"2026_1196_1365",0.857841995414462
"2026_1196_1373",0.985247546270336
"2026_1196_1374",0.947759983480207
"2026_1196_1378",0.924392467409023
"2026_1196_1385",0.622925193425722
"2026_1196_1387",0.769340961070236
"2026_1196_1388",0.557918524825049
"2026_1196_1395",0.939085834649413
"2026_1196_1397",0.831726854624921
"2026_1196_1398",0.977599741845524
"2026_1196_1400",0.946875485338026
"2026_1196_1401",0.930702840149212
"2026_1196_1403",0.690298223387913
"2026_1196_1407",0.975750171275621
"2026_1196_1416",0.922942586785467
"2026_1196_1417",0.923722418821347
"2026_1196_1420",0.985708615339296
"2026_1196_1429",0.773743856441854
"2026_1196_1433",0.809931276402736
"2026_1196_1435",0.872827280479514
"2026_1196_1437",0.860549601162271
"2026_1196_1438",0.720410831297665
"2026_1196_1458",0.86547057367384
"2026_1196_1460",0.982452286790705
"2026_1196_1465",0.960670371761248
"2026_1196_1474",0.990190297239993
"2026_1202_1208",0.142620837332362
"2026_1202_1211",0.0134759480864854
"2026_1202_1218",0.254743735647936
"2026_1202_1219",0.0552809301731101
"2026_1202_1220",0.349416496404255
"2026_1202_1222",0.0162600594344009
"2026_1202_1224",0.648911211062212
"2026_1202_1225",0.813598637535825
"2026_1202_1228",0.0460564605304352
"2026_1202_1234",0.147668394592582
"2026_1202_1235",0.0337495738925185
"2026_1202_1242",0.0468832980526066
"2026_1202_1244",0.466367592809058
"2026_1202_1246",0.0880217583732761
"2026_1202_1250",0.813736649003444
"2026_1202_1254",0.42698014051476
"2026_1202_1257",0.090501902109498
"2026_1202_1270",0.0653919149994359
"2026_1202_1274",0.106953355794637
"2026_1202_1275",0.0253765597615729
"2026_1202_1276",0.00735380059774123
"2026_1202_1277",0.01744387499392
"2026_1202_1281",0.116358584747176
"2026_1202_1295",0.195793879747112
"2026_1202_1301",0.204995858682031
"2026_1202_1304",0.0405106170305718
"2026_1202_1314",0.0385134638372983
"2026_1202_1320",0.358489275642606
"2026_1202_1326",0.176810728869066
"2026_1202_1335",0.552470281581282
"2026_1202_1341",0.963184875945153
"2026_1202_1345",0.045020727477387
"2026_1202_1365",0.0715328550104234
"2026_1202_1373",0.460240269505746
"2026_1202_1374",0.188069001594944
"2026_1202_1378",0.135020626314594
"2026_1202_1385",0.0206560211964903
"2026_1202_1387",0.0408451178517167
"2026_1202_1388",0.0158573119315586
"2026_1202_1395",0.1644590463258
"2026_1202_1397",0.0593598066699291
"2026_1202_1398",0.357821721406819
"2026_1202_1400",0.185377608436156
"2026_1202_1401",0.146374670787527
"2026_1202_1403",0.0276700383854126
"2026_1202_1407",0.3393792087097
"2026_1202_1416",0.132636866471781
"2026_1202_1417",0.133909364358466
"2026_1202_1420",0.468254007851606
"2026_1202_1429",0.0418350366438721
"2026_1202_1433",0.0515980156685595
"2026_1202_1435",0.0805670481424432
"2026_1202_1437",0.0730336724957682
"2026_1202_1438",0.0318497258169982
"2026_1202_1458",0.0759024620707523
"2026_1202_1460",0.416846892594938
"2026_1202_1465",0.237722667666139
"2026_1202_1474",0.563078683221059
"2026_1208_1211",0.0758700780092887
"2026_1208_1218",0.672602807565333
"2026_1208_1219",0.260184727098516
"2026_1208_1220",0.763478507411036
"2026_1208_1222",0.0903639742994698
"2026_1208_1224",0.917413168068852
"2026_1208_1225",0.963279764327286
"2026_1208_1228",0.224908837241516
"2026_1208_1234",0.510109737965141
"2026_1208_1235",0.173502582518034
"2026_1208_1242",0.228178529759581
"2026_1208_1244",0.840065816413079
"2026_1208_1246",0.367122534263996
"2026_1208_1250",0.963311949409514
"2026_1208_1254",0.817465285826639
"2026_1208_1257",0.374239651163282
"2026_1208_1270",0.29602942224225
"2026_1208_1274",0.41853383250906
"2026_1208_1275",0.135313309076859
"2026_1208_1276",0.0426269641780413
"2026_1208_1277",0.0964141680669062
"2026_1208_1281",0.441784290831556
"2026_1208_1295",0.594031748348394
"2026_1208_1301",0.607804631070774
"2026_1208_1304",0.202395973897475
"2026_1208_1314",0.194031877139509
"2026_1208_1320",0.770568454027374
"2026_1208_1326",0.56349155420069
"2026_1208_1335",0.881227679489624
"2026_1208_1341",0.993680574960555
"2026_1208_1345",0.220781890264496
"2026_1208_1365",0.316494854623832
"2026_1208_1373",0.83672717974455
"2026_1208_1374",0.581964844104859
"2026_1208_1378",0.484048623411353
"2026_1208_1385",0.112503011562672
"2026_1208_1387",0.203783281448144
"2026_1208_1388",0.0882904722246015
"2026_1208_1395",0.54190972515169
"2026_1208_1397",0.274981685692105
"2026_1208_1398",0.770054658146637
"2026_1208_1400",0.577646910025785
"2026_1208_1401",0.507531465418302
"2026_1208_1403",0.146053682167253
"2026_1208_1407",0.755356735111334
"2026_1208_1416",0.478914582426707
"2026_1208_1417",0.481664366552481
"2026_1208_1420",0.841081346630707
"2026_1208_1429",0.207866345056078
"2026_1208_1433",0.246411364480708
"2026_1208_1435",0.34497161125844
"2026_1208_1437",0.321356315880661
"2026_1208_1438",0.16507973865026
"2026_1208_1458",0.330501536060627
"2026_1208_1460",0.811183731383008
"2026_1208_1465",0.652091467074952
"2026_1208_1474",0.885656002580501
"2026_1211_1218",0.961584386862953
"2026_1211_1219",0.810786509312662
"2026_1211_1220",0.975204460323005
"2026_1211_1222",0.547590152717271
"2026_1211_1224",0.992665795993514
"2026_1211_1225",0.996881106975719
"2026_1211_1228",0.77951666860098
"2026_1211_1234",0.926938247390216
"2026_1211_1235",0.718924527640465
"2026_1211_1242",0.78270713670146
"2026_1211_1244",0.984614964319588
"2026_1211_1246",0.876051239221917
"2026_1211_1250",0.996883935938882
"2026_1211_1254",0.982003287300485
"2026_1211_1257",0.879326357186834
"2026_1211_1270",0.83669770143892
"2026_1211_1274",0.897646369887784
"2026_1211_1275",0.655964796836915
"2026_1211_1276",0.351701456760046
"2026_1211_1277",0.565230972970072
"2026_1211_1281",0.906039953053906
"2026_1211_1295",0.946888872803429
"2026_1211_1301",0.949704289563468
"2026_1211_1304",0.755608373645939
"2026_1211_1314",0.74575822019855
"2026_1211_1320",0.976146023538114
"2026_1211_1326",0.940222212339443
"2026_1211_1335",0.989059090104018
"2026_1211_1341",0.999478315139347
"2026_1211_1345",0.775393693772534
"2026_1211_1365",0.849439314658957
"2026_1211_1373",0.984237181451201
"2026_1211_1374",0.944327250558429
"2026_1211_1378",0.91955456883616
"2026_1211_1385",0.606998367721689
"2026_1211_1387",0.757187827006135
"2026_1211_1388",0.54126796544169
"2026_1211_1395",0.935122134236768
"2026_1211_1397",0.822100674051395
"2026_1211_1398",0.976078312201974
"2026_1211_1400",0.943388103048024
"2026_1211_1401",0.926236502880298
"2026_1211_1403",0.675735761974175
"2026_1211_1407",0.974106445823868
"2026_1211_1416",0.918020142341966
"2026_1211_1417",0.918845409898859
"2026_1211_1420",0.984729338747983
"2026_1211_1429",0.761750865000701
"2026_1211_1433",0.799359043110826
"2026_1211_1435",0.865171135173407
"2026_1211_1437",0.852279402526518
"2026_1211_1438",0.706662605994297
"2026_1211_1458",0.857443870968466
"2026_1211_1460",0.98125412294796
"2026_1211_1465",0.958048439325413
"2026_1211_1474",0.989514848569829
"2026_1218_1219",0.146120100366355
"2026_1218_1220",0.610994122410955
"2026_1218_1222",0.0461085324711524
"2026_1218_1224",0.843875957902036
"2026_1218_1225",0.927349004685184
"2026_1218_1228",0.123722842748869
"2026_1218_1234",0.336281715369288
"2026_1218_1235",0.0926787542233036
"2026_1218_1242",0.125760185081826
"2026_1218_1244",0.718769247954703
"2026_1218_1246",0.220125673684688
"2026_1218_1250",0.927410309657915
"2026_1218_1254",0.685446237945392
"2026_1218_1257",0.225408042222288
"2026_1218_1270",0.169858459262592
"2026_1218_1274",0.259388729093265
"2026_1218_1275",0.0707564386072699
"2026_1218_1276",0.0212055420657696
"2026_1218_1277",0.0493564392712426
"2026_1218_1281",0.27802554966192
"2026_1218_1295",0.4158835189132
"2026_1218_1301",0.429899889348955
"2026_1218_1304",0.109902321087656
"2026_1218_1314",0.104858053847497
"2026_1218_1320",0.620382198904953
"2026_1218_1326",0.385798370364115
"2026_1218_1335",0.783088220042797
"2026_1218_1341",0.987098605934266
"2026_1218_1345",0.121162359902066
"2026_1218_1365",0.183879673775027
"2026_1218_1373",0.713761300195235
"2026_1218_1374",0.403835625035472
"2026_1218_1378",0.313419663230437
"2026_1218_1385",0.0580975541178206
"2026_1218_1387",0.110743664736952
"2026_1218_1388",0.0450002838494651
"2026_1218_1395",0.36532635404235
"2026_1218_1397",0.155796169480709
"2026_1218_1398",0.619698062593399
"2026_1218_1400",0.39957605055058
"2026_1218_1401",0.333983052624038
"2026_1218_1403",0.0768279511273735
"2026_1218_1407",0.600376964504401
"2026_1218_1416",0.309011491688009
"2026_1218_1417",0.311368661589236
"2026_1218_1420",0.720298534582065
"2026_1218_1429",0.113227656549943
"2026_1218_1433",0.137264634688732
"2026_1218_1435",0.203985343132185
"2026_1218_1437",0.18726221066236
"2026_1218_1438",0.08776293722607
"2026_1218_1458",0.193680437816084
"2026_1218_1460",0.676419857007163
"2026_1218_1465",0.476989321972767
"2026_1218_1474",0.790304889175248
"2026_1219_1220",0.901755047692691
"2026_1219_1222",0.220257619834862
"2026_1219_1224",0.96931277328122
"2026_1219_1225",0.986771292976169
"2026_1219_1228",0.45208440601806
"2026_1219_1234",0.747529170910163
"2026_1219_1235",0.373794793458363
"2026_1219_1242",0.456710710451937
"2026_1219_1244",0.937247620253788
"2026_1219_1246",0.622565546569911
"2026_1219_1250",0.986783170375218
"2026_1219_1254",0.927189731412975
"2026_1219_1257",0.629707467738561
"2026_1219_1270",0.544570241342914
"2026_1219_1274",0.671778081901444
"2026_1219_1275",0.307945650261226
"2026_1219_1276",0.112378482954522
"2026_1219_1277",0.232779106944102
"2026_1219_1281",0.692345864855177
"2026_1219_1295",0.806229029256899
"2026_1219_1301",0.81504436253458
"2026_1219_1304",0.419128241177314
"2026_1219_1314",0.406370862457693
"2026_1219_1320",0.905214624175834
"2026_1219_1326",0.785898554694551
"2026_1219_1335",0.954745417449789
"2026_1219_1341",0.997768440870858
"2026_1219_1345",0.446188578545033
"2026_1219_1365",0.56834597665029
"2026_1219_1373",0.935782581402841
"2026_1219_1374",0.798328117964924
"2026_1219_1378",0.727347444580098
"2026_1219_1385",0.264951053462219
"2026_1219_1387",0.421216587823295
"2026_1219_1388",0.215911027143188
"2026_1219_1395",0.7708410473408
"2026_1219_1397",0.518876208009358
"2026_1219_1398",0.904965170943567
"2026_1219_1400",0.795459556226041
"2026_1219_1401",0.745577211077152
"2026_1219_1403",0.327203426136533
"2026_1219_1407",0.897745535000505
"2026_1219_1416",0.723250211818511
"2026_1219_1417",0.725449792111721
"2026_1219_1420",0.937691846169387
"2026_1219_1429",0.427318107917978
"2026_1219_1433",0.481805252812608
"2026_1219_1435",0.599604317528561
"2026_1219_1437",0.573828189247248
"2026_1219_1438",0.359882433692634
"2026_1219_1458",0.583975672597929
"2026_1219_1460",0.924334612014451
"2026_1219_1465",0.84201242521597
"2026_1219_1474",0.956567790582293
"2026_1220_1222",0.0298427091943612
"2026_1220_1224",0.774760367564657
"2026_1220_1225",0.890386697668894
"2026_1220_1228",0.0824432481659102
"2026_1220_1234",0.24381536884032
"2026_1220_1235",0.0610354383313991
"2026_1220_1242",0.0838658969006495
"2026_1220_1244",0.619257782876752
"2026_1220_1246",0.152270903208309
"2026_1220_1250",0.89047550881138
"2026_1220_1254",0.581016907664826
"2026_1220_1257",0.156251196819013
"2026_1220_1270",0.115209723490747
"2026_1220_1274",0.182259457639655
"2026_1220_1275",0.0462167959911151
"2026_1220_1276",0.0135995611168139
"2026_1220_1277",0.031983260601078
"2026_1220_1281",0.196827388048253
"2026_1220_1295",0.311812138250074
"2026_1220_1301",0.324268181801219
"2026_1220_1304",0.0728505290906957
"2026_1220_1314",0.0693743106356525
"2026_1220_1320",0.509799996371072
"2026_1220_1326",0.285574831729897
"2026_1220_1335",0.696733042029165
"2026_1220_1341",0.979875130262865
"2026_1220_1345",0.0806584244571703
"2026_1220_1365",0.125401319750625
"2026_1220_1373",0.613430841797242
"2026_1220_1374",0.301224376329639
"2026_1220_1378",0.22510755234079
"2026_1220_1385",0.0377697984962245
"2026_1220_1387",0.0734316276122646
"2026_1220_1388",0.0291134878496785
"2026_1220_1395",0.26809965211216
"2026_1220_1397",0.105098919030142
"2026_1220_1398",0.509074274193347
"2026_1220_1400",0.297507007164347
"2026_1220_1401",0.241918384415208
"2026_1220_1403",0.050296570157864
"2026_1220_1407",0.488769456417601
"2026_1220_1416",0.221540681283759
"2026_1220_1417",0.223446380734073
"2026_1220_1420",0.621042897820515
"2026_1220_1429",0.0751494325662584
"2026_1220_1433",0.0919409348392738
"2026_1220_1435",0.140211404191765
"2026_1220_1437",0.127876679758133
"2026_1220_1438",0.0576913089540562
"2026_1220_1458",0.132591582353465
"2026_1220_1460",0.570869944073124
"2026_1220_1465",0.367240481134557
"2026_1220_1474",0.705743165944353
"2026_1222_1224",0.991138907242798
"2026_1222_1225",0.996228458530897
"2026_1222_1228",0.745013438569898
"2026_1222_1234",0.912927977954075
"2026_1222_1235",0.678845796207614
"2026_1222_1242",0.748542123543284
"2026_1222_1244",0.98144332627496
"2026_1222_1246",0.853821759792877
"2026_1222_1250",0.996231877235187
"2026_1222_1254",0.978305112869518
"2026_1222_1257",0.857588767253575
"2026_1222_1270",0.808949576927198
"2026_1222_1274",0.878753829238225
"2026_1222_1275",0.611756729997536
"2026_1222_1276",0.309548876624961
"2026_1222_1277",0.517932048334058
"2026_1222_1281",0.888504272304321
"2026_1222_1295",0.936442000469019
"2026_1222_1301",0.939775983114017
"2026_1222_1304",0.718713824725655
"2026_1222_1314",0.707951391912532
"2026_1222_1320",0.971279432372876
"2026_1222_1326",0.928562950009704
"2026_1222_1335",0.986791321973917
"2026_1222_1341",0.999368805106979
"2026_1222_1345",0.740460082638005
"2026_1222_1365",0.82339925717972
"2026_1222_1373",0.980989166853611
"2026_1222_1374",0.933411944723144
"2026_1222_1378",0.904274630027393
"2026_1222_1385",0.560711902702894
"2026_1222_1387",0.720443502392565
"2026_1222_1388",0.493697252102027
"2026_1222_1395",0.922550075875721
"2026_1222_1397",0.792487391620916
"2026_1222_1398",0.971198314440342
"2026_1222_1400",0.932301866375603
"2026_1222_1401",0.912104427446581
"2026_1222_1403",0.632645478822144
"2026_1222_1407",0.968837032301085
"2026_1222_1416",0.90247966094953
"2026_1222_1417",0.903444915912089
"2026_1222_1420",0.981580838007841
"2026_1222_1429",0.725446678161482
"2026_1222_1433",0.767032930271922
"2026_1222_1435",0.841343757986041
"2026_1222_1437",0.826630295021447
"2026_1222_1438",0.665648586968767
"2026_1222_1458",0.832515265491601
"2026_1222_1460",0.977405543583438
"2026_1222_1465",0.94967998420321
"2026_1222_1474",0.98734033825315
"2026_1224_1225",0.702365950648797
"2026_1224_1228",0.02543880515957
"2026_1224_1234",0.0856470731646786
"2026_1224_1235",0.018534184404416
"2026_1224_1242",0.0259055519227001
"2026_1224_1244",0.320884890350124
"2026_1224_1246",0.0495945753545294
"2026_1224_1250",0.702556209953614
"2026_1224_1254",0.28717217255351
"2026_1224_1257",0.0510525881573079
"2026_1224_1270",0.0364492682696619
"2026_1224_1274",0.060812424424176
"2026_1224_1275",0.013881761889886
"2026_1224_1276",0.00398934006272918
"2026_1224_1277",0.00950728668320029
"2026_1224_1281",0.0664620955542431
"2026_1224_1295",0.116318124803536
"2026_1224_1301",0.122353161517577
"2026_1224_1304",0.0223175346251713
"2026_1224_1314",0.0211974763694829
"2026_1224_1320",0.232026745708226
"2026_1224_1326",0.104043626757697
"2026_1224_1335",0.400275240251324
"2026_1224_1341",0.933971627810139
"2026_1224_1345",0.0248546484151134
"2026_1224_1365",0.0399885041371448
"2026_1224_1373",0.315538753357092
"2026_1224_1374",0.111294948235092
"2026_1224_1378",0.077826369665299
"2026_1224_1385",0.0112747454789165
"2026_1224_1387",0.0225053366198552
"2026_1224_1388",0.00863623096552564
"2026_1224_1395",0.0961813825254698
"2026_1224_1397",0.0329927401595744
"2026_1224_1398",0.231509697286558
"2026_1224_1400",0.10955399693621
"2026_1224_1401",0.084842630621371
"2026_1224_1403",0.0151525169650907
"2026_1224_1407",0.217373755530728
"2026_1224_1416",0.0763632177694652
"2026_1224_1417",0.0771438522023772
"2026_1224_1420",0.322538521082453
"2026_1224_1429",0.0230614609358804
"2026_1224_1433",0.0285739319429351
"2026_1224_1435",0.0452329106301028
"2026_1224_1437",0.0408566187292517
"2026_1224_1438",0.017475358061901
"2026_1224_1458",0.0425194574168013
"2026_1224_1460",0.278742885138312
"2026_1224_1465",0.14428080878123
"2026_1224_1474",0.410642766504399
"2026_1225_1228",0.0109303319814353
"2026_1225_1234",0.0381441154442506
"2026_1225_1235",0.00793156356724739
"2026_1225_1242",0.0111339210099896
"2026_1225_1244",0.166696971464577
"2026_1225_1246",0.0216149362267404
"2026_1225_1250",0.499997147980093
"2026_1225_1254",0.145707864043185
"2026_1225_1257",0.0222696599333739
"2026_1225_1270",0.0157627826307793
"2026_1225_1274",0.0266817147220519
"2026_1225_1275",0.00592452903519038
"2026_1225_1276",0.00169285642258969
"2026_1225_1277",0.0040472767600641
"2026_1225_1281",0.0292593167300029
"2026_1225_1295",0.0527859625355024
"2026_1225_1301",0.0557325963931244
"2026_1225_1304",0.0095717268221979
"2026_1225_1314",0.0090854026734748
"2026_1225_1320",0.113405903639608
"2026_1225_1326",0.0468601959946434
"2026_1225_1335",0.220315290688639
"2026_1225_1341",0.85690888206024
"2026_1225_1345",0.0106756868564084
"2026_1225_1365",0.0173294798514385
"2026_1225_1373",0.163301982231529
"2026_1225_1374",0.0503500853834832
"2026_1225_1378",0.0344974024033853
"2026_1225_1385",0.00480461230177134
"2026_1225_1387",0.00965333188972751
"2026_1225_1388",0.00367461021756264
"2026_1225_1395",0.043111196873025
"2026_1225_1397",0.0142389893023351
"2026_1225_1398",0.11311425623661
"2026_1225_1400",0.0495093648872652
"2026_1225_1401",0.0377674165633603
"2026_1225_1403",0.00647164876921903
"2026_1225_1407",0.105217733959181
"2026_1225_1416",0.033818970405563
"2026_1225_1417",0.0341807846800727
"2026_1225_1420",0.167752293431041
"2026_1225_1429",0.00989508806819309
"2026_1225_1433",0.0122999739768291
"2026_1225_1435",0.0196630702953246
"2026_1225_1437",0.0177147643244834
"2026_1225_1438",0.0074738344071865
"2026_1225_1458",0.0184538654050099
"2026_1225_1460",0.140611848407352
"2026_1225_1465",0.0666271640907962
"2026_1225_1474",0.227792106382004
"2026_1228_1234",0.78206792626257
"2026_1228_1235",0.419776584740704
"2026_1228_1242",0.504672061456587
"2026_1228_1244",0.947649914385249
"2026_1228_1246",0.666574521476712
"2026_1228_1250",0.989069849655421
"2026_1228_1254",0.939151050707444
"2026_1228_1257",0.673320662135245
"2026_1228_1270",0.591709287752183
"2026_1228_1274",0.712696936942773
"2026_1228_1275",0.350359212086442
"2026_1228_1276",0.133034304153665
"2026_1228_1277",0.268861951691029
"2026_1228_1281",0.731724566654435
"2026_1228_1295",0.834515187159457
"2026_1228_1301",0.84229539760111
"2026_1228_1304",0.466531990514951
"2026_1228_1314",0.453458119695188
"2026_1228_1320",0.920476397364326
"2026_1228_1326",0.816476938199285
"2026_1228_1335",0.962363624360205
"2026_1228_1341",0.998158076556334
"2026_1228_1345",0.494049782881975
"2026_1228_1365",0.614764991950587
"2026_1228_1373",0.946413846092049
"2026_1228_1374",0.827520888814967
"2026_1228_1378",0.763774646407384
"2026_1228_1385",0.304044546764023
"2026_1228_1387",0.468665962214607
"2026_1228_1388",0.250231963834911
"2026_1228_1395",0.803030984822234
"2026_1228_1397",0.566557957191062
"2026_1228_1398",0.920263571595115
"2026_1228_1400",0.824976527147441
"2026_1228_1401",0.780304520241175
"2026_1228_1403",0.370848052009803
"2026_1228_1407",0.91409580766978
"2026_1228_1416",0.760044225245664
"2026_1228_1417",0.762047582754702
"2026_1228_1420",0.948024585789546
"2026_1228_1429",0.474890858516849
"2026_1228_1433",0.529831880758084
"2026_1228_1435",0.644762914146527
"2026_1228_1437",0.620051780078473
"2026_1228_1438",0.40526038677049
"2026_1228_1458",0.629808681771775
"2026_1228_1460",0.936732967091676
"2026_1228_1465",0.865943572925901
"2026_1228_1474",0.963890819826212
"2026_1234_1235",0.167744328101373
"2026_1234_1242",0.221091086525074
"2026_1234_1244",0.83452235819594
"2026_1234_1246",0.357719590020792
"2026_1234_1250",0.961846294198569
"2026_1234_1254",0.811314421185028
"2026_1234_1257",0.364759480975064
"2026_1234_1270",0.287619831898657
"2026_1234_1274",0.408664387137512
"2026_1234_1275",0.130622181841816
"2026_1234_1276",0.0409967952732525
"2026_1234_1277",0.0929266907751543
"2026_1234_1281",0.431773699258675
"2026_1234_1295",0.584181629486099
"2026_1234_1301",0.598062575732313
"2026_1234_1304",0.195906092155311
"2026_1234_1314",0.187747061846924
"2026_1234_1320",0.7632948945725
"2026_1234_1326",0.553457454850536
"2026_1234_1335",0.87690186650263
"2026_1234_1341",0.993419832417679
"2026_1234_1345",0.213860534246553
"2026_1234_1365",0.307758048240238
"2026_1234_1373",0.831091268847175
"2026_1234_1374",0.572032876363141
"2026_1234_1378",0.47389336662978
"2026_1234_1385",0.108503453966142
"2026_1234_1387",0.197259916997628
"2026_1234_1388",0.0850691791442451
"2026_1234_1395",0.531791737126877
"2026_1234_1397",0.266943288034876
"2026_1234_1398",0.762769824744238
"2026_1234_1400",0.567688561460123
"2026_1234_1401",0.497358454831861
"2026_1234_1403",0.141050940685331
"2026_1234_1407",0.74775878752032
"2026_1234_1416",0.468769175519082
"2026_1234_1417",0.471513418014838
"2026_1234_1420",0.83556619772058
"2026_1234_1429",0.20124531221324
"2026_1234_1433",0.238932910626907
"2026_1234_1435",0.335834950129497
"2026_1234_1437",0.312546675123346
"2026_1234_1438",0.159547061673727
"2026_1234_1458",0.321559980436266
"2026_1234_1460",0.804871722742462
"2026_1234_1465",0.64280299085807
"2026_1234_1474",0.881469780127304
"2026_1235_1242",0.584794514967542
"2026_1235_1244",0.96157372503249
"2026_1235_1246",0.734296281528567
"2026_1235_1250",0.992069193278307
"2026_1235_1254",0.95522855011788
"2026_1235_1257",0.740206248397927
"2026_1235_1270",0.667041452752175
"2026_1235_1274",0.774223819270686
"2026_1235_1275",0.427107480739044
"2026_1235_1276",0.175000465003388
"2026_1235_1277",0.337019220570099
"2026_1235_1281",0.790375145749913
"2026_1235_1295",0.874546436300646
"2026_1235_1301",0.880713614334171
"2026_1235_1304",0.547289653733878
"2026_1235_1314",0.534218968684457
"2026_1235_1320",0.941179070831137
"2026_1235_1326",0.860140394924576
"2026_1235_1335",0.972487574087584
"2026_1235_1341",0.998666880357718
"2026_1235_1345",0.574441589049606
"2026_1235_1365",0.688085653363207
"2026_1235_1373",0.960652769396803
"2026_1235_1374",0.868978438587198
"2026_1235_1378",0.817169155489837
"2026_1235_1385",0.376527580115232
"2026_1235_1387",0.549412584760607
"2026_1235_1388",0.315705765699643
"2026_1235_1395",0.849303031832389
"2026_1235_1397",0.643736645184687
"2026_1235_1398",0.941018100516845
"2026_1235_1400",0.8669473155895
"2026_1235_1401",0.830790497390354
"2026_1235_1403",0.448982616696684
"2026_1235_1407",0.936344691907767
"2026_1235_1416",0.814076672849664
"2026_1235_1417",0.815738285886143
"2026_1235_1420",0.961852754731572
"2026_1235_1429",0.555588523756966
"2026_1235_1433",0.60903736215629
"2026_1235_1435",0.715020803900706
"2026_1235_1437",0.692868920461241
"2026_1235_1438",0.485055528304522
"2026_1235_1458",0.701655637835146
"2026_1235_1460",0.953417682148604
"2026_1235_1465",0.899289698662569
"2026_1235_1474",0.973615226441549
"2026_1242_1244",0.946716017481547
"2026_1242_1246",0.662412644759262
"2026_1242_1250",0.988866180400758
"2026_1242_1254",0.938075446069399
"2026_1242_1257",0.6692012030484
"2026_1242_1270",0.587191652248307
"2026_1242_1274",0.708859315593255
"2026_1242_1275",0.346122153242675
"2026_1242_1276",0.130895900086873
"2026_1242_1277",0.26520812433194
"2026_1242_1281",0.728044120921961
"2026_1242_1295",0.831920995598039
"2026_1242_1301",0.83979975766331
"2026_1242_1304",0.461888893958194
"2026_1242_1314",0.448835665456423
"2026_1242_1320",0.919099123796038
"2026_1242_1326",0.813663113170029
"2026_1242_1335",0.961681598385855
"2026_1242_1341",0.998123433385008
"2026_1242_1345",0.489384054892902
"2026_1242_1365",0.610334464261155
"2026_1242_1373",0.94545916751168
"2026_1242_1374",0.824840066263317
"2026_1242_1378",0.76038991143946
"2026_1242_1385",0.300108846159541
"2026_1242_1387",0.464020100845043
"2026_1242_1388",0.246745873518494
"2026_1242_1395",0.800061486443686
"2026_1242_1397",0.56196804402823
"2026_1242_1398",0.91888293690971
"2026_1242_1400",0.822264651744442
"2026_1242_1401",0.77708750689545
"2026_1242_1403",0.366503000845633
"2026_1242_1407",0.912618518716338
"2026_1242_1416",0.756623071432428
"2026_1242_1417",0.758645921506273
"2026_1242_1420",0.947096999685146
"2026_1242_1429",0.470237901679029
"2026_1242_1433",0.525178995530309
"2026_1242_1435",0.640475625543085
"2026_1242_1437",0.615644040692115
"2026_1242_1438",0.400768976008886
"2026_1242_1458",0.625445757303283
"2026_1242_1460",0.935617549111686
"2026_1242_1465",0.863761630120152
"2026_1242_1474",0.963235411607932
"2026_1244_1246",0.0994040955886137
"2026_1244_1250",0.833223038283657
"2026_1244_1254",0.460081607287191
"2026_1244_1257",0.102169023922998
"2026_1244_1270",0.0740856482754752
"2026_1244_1274",0.120460428562189
"2026_1244_1275",0.0289149153020651
"2026_1244_1276",0.00840083136533006
"2026_1244_1277",0.019898727248761
"2026_1244_1281",0.130879364300269
"2026_1244_1295",0.21778447493347
"2026_1244_1301",0.227727312046831
"2026_1244_1304",0.0460594494491998
"2026_1244_1314",0.0438012295124426
"2026_1244_1320",0.389893856852569
"2026_1244_1326",0.197192021965491
"2026_1244_1335",0.585362203431598
"2026_1244_1341",0.967657792118576
"2026_1244_1345",0.0511543847249055
"2026_1244_1365",0.0809722815150889
"2026_1244_1373",0.493698666281881
"2026_1244_1374",0.209417907937868
"2026_1244_1378",0.1514710921675
"2026_1244_1385",0.0235520788012752
"2026_1244_1387",0.0464375501407114
"2026_1244_1388",0.0180930008049637
"2026_1244_1395",0.18373432831527
"2026_1244_1397",0.0673093383903363
"2026_1244_1398",0.389203302528711
"2026_1244_1400",0.206498699934022
"2026_1244_1401",0.163946280756867
"2026_1244_1403",0.0315178413640262
"2026_1244_1407",0.370075450501677
"2026_1244_1416",0.148846880426264
"2026_1244_1417",0.15024795557126
"2026_1244_1420",0.501753426061215
"2026_1244_1429",0.0475562864889727
"2026_1244_1433",0.0585728063614161
"2026_1244_1435",0.091081672288844
"2026_1244_1437",0.0826535154243143
"2026_1244_1438",0.0362570839023645
"2026_1244_1458",0.0858651736715232
"2026_1244_1460",0.449779404055022
"2026_1244_1465",0.262883117062547
"2026_1244_1474",0.595761410953144
"2026_1246_1250",0.978382033872077
"2026_1246_1254",0.885311252614046
"2026_1246_1257",0.507593966072499
"2026_1246_1270",0.420230213731916
"2026_1246_1274",0.553705581352379
"2026_1246_1275",0.212432458453625
"2026_1246_1276",0.0712756780593477
"2026_1246_1277",0.155346465077026
"2026_1246_1281",0.577013541110181
"2026_1246_1295",0.716081569844215
"2026_1246_1301",0.72761245058048
"2026_1246_1304",0.304293130969904
"2026_1246_1314",0.293266389085276
"2026_1246_1320",0.852704599486557
"2026_1246_1326",0.68993039673237
"2026_1246_1335",0.927476508485925
"2026_1246_1341",0.996323961797158
"2026_1246_1345",0.328127485630057
"2026_1246_1365",0.443868136614376
"2026_1246_1373",0.898304388208435
"2026_1246_1374",0.70584603341191
"2026_1246_1378",0.617894771330911
"2026_1246_1385",0.179317867055441
"2026_1246_1387",0.306110829461278
"2026_1246_1388",0.143043308454518
"2026_1246_1395",0.670949459498891
"2026_1246_1397",0.395310607904362
"2026_1246_1398",0.852339494526889
"2026_1246_1400",0.702152797192101
"2026_1246_1401",0.639818722870074
"2026_1246_1403",0.227682293626126
"2026_1246_1407",0.841820766347684
"2026_1246_1416",0.61302783494586
"2026_1246_1417",0.61563789339543
"2026_1246_1420",0.901210294009078
"2026_1246_1429",0.311442192177542
"2026_1246_1433",0.360453817741541
"2026_1246_1435",0.475827072047468
"2026_1246_1437",0.449399711145718
"2026_1246_1438",0.254176834451944
"2026_1246_1458",0.459720409666748
"2026_1246_1460",0.881024668951157
"2026_1246_1465",0.763631718974224
"2026_1246_1474",0.930316836993635
"2026_1250_1254",0.145595182515338
"2026_1250_1257",0.0222499517099072
"2026_1250_1270",0.0157487401152532
"2026_1250_1274",0.0266582083744593
"2026_1250_1275",0.00591919836804496
"2026_1250_1276",0.00169132677630402
"2026_1250_1277",0.0040436283027936
"2026_1250_1281",0.0292336077433039
"2026_1250_1295",0.0527407047429455
"2026_1250_1301",0.0556849607285102
"2026_1250_1304",0.00956314611398645
"2026_1250_1314",0.00907725394166489
"2026_1250_1320",0.11331488902675
"2026_1250_1326",0.0468197677230617
"2026_1250_1335",0.220159781406801
"2026_1250_1341",0.856797813705274
"2026_1250_1345",0.0106661271456614
"2026_1250_1365",0.0173140661723156
"2026_1250_1373",0.163178293413312
"2026_1250_1374",0.0503068051510881
"2026_1250_1378",0.0344672543379911
"2026_1250_1385",0.00480028442746812
"2026_1250_1387",0.00964467873789829
"2026_1250_1388",0.00367129646583475
"2026_1250_1395",0.0430738568530083
"2026_1250_1397",0.0142262846599649
"2026_1250_1398",0.113023445848668
"2026_1250_1400",0.0494667696829145
"2026_1250_1401",0.0377345224465477
"2026_1250_1403",0.0064658290263835
"2026_1250_1407",0.10513251156694
"2026_1250_1416",0.0337893944879001
"2026_1250_1417",0.034150903526948
"2026_1250_1420",0.167625909148731
"2026_1250_1429",0.00988622037180634
"2026_1250_1433",0.0122889778398936
"2026_1250_1435",0.0196456225034997
"2026_1250_1437",0.0176990141269293
"2026_1250_1438",0.00746712020491634
"2026_1250_1458",0.0184374704070647
"2026_1250_1460",0.140502459671829
"2026_1250_1465",0.0665708731219353
"2026_1250_1474",0.227632860391815
"2026_1254_1257",0.117754625997344
"2026_1254_1270",0.0857965913870754
"2026_1254_1274",0.138406191358483
"2026_1254_1275",0.0337458176735164
"2026_1254_1276",0.00983910985356953
"2026_1254_1277",0.0232593480579559
"2026_1254_1281",0.150112390544109
"2026_1254_1295",0.246171155967683
"2026_1254_1301",0.256984199363224
"2026_1254_1304",0.0535966481033504
"2026_1254_1314",0.0509886435013447
"2026_1254_1320",0.428426884598666
"2026_1254_1326",0.223662091551984
"2026_1254_1335",0.623472021785291
"2026_1254_1341",0.972293521525271
"2026_1254_1345",0.059473342584346
"2026_1254_1365",0.0936616982278457
"2026_1254_1373",0.533519504140984
"2026_1254_1374",0.237044540490431
"2026_1254_1378",0.17312734613046
"2026_1254_1385",0.0275123805401916
"2026_1254_1387",0.054033116849653
"2026_1254_1388",0.0211552418379407
"2026_1254_1395",0.208867902925884
"2026_1254_1397",0.0780394101992691
"2026_1254_1398",0.427715927899629
"2026_1254_1400",0.233854141513924
"2026_1254_1401",0.186993087318885
"2026_1254_1403",0.0367671571180778
"2026_1254_1407",0.407959520287728
"2026_1254_1416",0.170203201503232
"2026_1254_1417",0.171764733606984
"2026_1254_1420",0.541529059950772
"2026_1254_1429",0.0553242229368957
"2026_1254_1433",0.0680117075359592
"2026_1254_1435",0.105174057690583
"2026_1254_1437",0.0955790024472023
"2026_1254_1438",0.042261279985725
"2026_1254_1458",0.0992385720820465
"2026_1254_1460",0.48948256572815
"2026_1254_1465",0.294931700207183
"2026_1254_1474",0.633513839807619
"2026_1257_1270",0.412817062751788
"2026_1257_1274",0.54615591560201
"2026_1257_1275",0.207373845895765
"2026_1257_1276",0.0692827056538028
"2026_1257_1277",0.151385931068017
"2026_1257_1281",0.569551644939281
"2026_1257_1295",0.709839289835824
"2026_1257_1301",0.721525099878786
"2026_1257_1304",0.297874401080434
"2026_1257_1314",0.286984308202604
"2026_1257_1320",0.848832017997314
"2026_1257_1326",0.683367386689354
"2026_1257_1335",0.92539778469525
"2026_1257_1341",0.99621053366713
"2026_1257_1345",0.321438286781534
"2026_1257_1365",0.436351834782485
"2026_1257_1373",0.895483735984329
"2026_1257_1374",0.699473158568427
"2026_1257_1378",0.610667449755524
"2026_1257_1385",0.174872714635318
"2026_1257_1387",0.299670272884536
"2026_1257_1388",0.139344695039787
"2026_1257_1395",0.664180246337416
"2026_1257_1397",0.388042830120106
"2026_1257_1398",0.848459019896287
"2026_1257_1400",0.695734399405563
"2026_1257_1401",0.632759619900389
"2026_1257_1403",0.222363069630252
"2026_1257_1407",0.837716494105821
"2026_1257_1416",0.605767191629818
"2026_1257_1417",0.608394938444731
"2026_1257_1420",0.898461130233312
"2026_1257_1429",0.304938759288635
"2026_1257_1433",0.353452297534548
"2026_1257_1435",0.468225226830665
"2026_1257_1437",0.441864163126062
"2026_1257_1438",0.248437743966046
"2026_1257_1458",0.452153919217218
"2026_1257_1460",0.877789945548048
"2026_1257_1465",0.758081695323133
"2026_1257_1474",0.928313232378449
"2026_1270_1274",0.631223673222739
"2026_1270_1275",0.271206618796668
"2026_1270_1276",0.095743435486135
"2026_1270_1277",0.202385208641002
"2026_1270_1281",0.653020156038127
"2026_1270_1295",0.776766735852366
"2026_1270_1301",0.786567585527944
"2026_1270_1304",0.376337927759702
"2026_1270_1314",0.364066675420662
"2026_1270_1320",0.888725551986977
"2026_1270_1326",0.75428716889329
"2026_1270_1335",0.946362268248447
"2026_1270_1341",0.997332792881536
"2026_1270_1345",0.402550148722112
"2026_1270_1365",0.524065848554858
"2026_1270_1373",0.92416569075061
"2026_1270_1374",0.768010187792739
"2026_1270_1378",0.690495722997554
"2026_1270_1385",0.231624663154996
"2026_1270_1387",0.378351940252352
"2026_1270_1388",0.187182245115273
"2026_1270_1395",0.737748340936827
"2026_1270_1397",0.474216045940408
"2026_1270_1398",0.888438051533646
"2026_1270_1400",0.764837416365684
"2026_1270_1401",0.71020773528948
"2026_1270_1403",0.289126732054486
"2026_1270_1407",0.880129185436112
"2026_1270_1416",0.686083715307337
"2026_1270_1417",0.688451446112406
"2026_1270_1420",0.926393173020815
"2026_1270_1429",0.3842447607249
"2026_1270_1433",0.437434828585302
"2026_1270_1435",0.556025884367286
"2026_1270_1437",0.529645023326679
"2026_1270_1438",0.319810550852777
"2026_1270_1458",0.540001197319664
"2026_1270_1460",0.910844097065285
"2026_1270_1465",0.816754273699856
"2026_1270_1474",0.94850401721555
"2026_1274_1275",0.178559137261876
"2026_1274_1276",0.0582458251361621
"2026_1274_1277",0.129083827999899
"2026_1274_1281",0.523659943249111
"2026_1274_1295",0.670244708559696
"2026_1274_1301",0.682812589753403
"2026_1274_1304",0.260619345761605
"2026_1274_1314",0.250605136179818
"2026_1274_1320",0.823487695570384
"2026_1274_1326",0.641982426627204
"2026_1274_1335",0.911552648374871
"2026_1274_1341",0.995442539354294
"2026_1274_1345",0.28242155038695
"2026_1274_1365",0.39143292511791
"2026_1274_1373",0.87682591131681
"2026_1274_1374",0.659143285569938
"2026_1274_1378",0.56581760676576
"2026_1274_1385",0.149721008637131
"2026_1274_1387",0.262274509748227
"2026_1274_1388",0.118568649916836
"2026_1274_1395",0.621675837356144
"2026_1274_1397",0.345052572108089
"2026_1274_1398",0.823065197084173
"2026_1274_1400",0.65515015557626
"2026_1274_1401",0.588740807400496
"2026_1274_1403",0.191970034307889
"2026_1274_1407",0.810923692652498
"2026_1274_1416",0.560758884157825
"2026_1274_1417",0.563470444600489
"2026_1274_1420",0.880263748856592
"2026_1274_1429",0.267136324525482
"2026_1274_1433",0.312338311337589
"2026_1274_1435",0.422484575553372
"2026_1274_1437",0.396777257048097
"2026_1274_1438",0.215468268472172
"2026_1274_1458",0.406782292190174
"2026_1274_1460",0.856479732909162
"2026_1274_1465",0.722496587539827
"2026_1274_1474",0.914959440726338
"2026_1275_1276",0.221536426804093
"2026_1275_1277",0.405464522180671
"2026_1275_1281",0.834939500780507
"2026_1275_1295",0.903403670031004
"2026_1275_1301",0.90830099802047
"2026_1275_1304",0.618593993441643
"2026_1275_1314",0.606100305433767
"2026_1275_1320",0.955489332238321
"2026_1275_1326",0.89190176020163
"2026_1275_1335",0.97934807464289
"2026_1275_1341",0.999005979787207
"2026_1275_1345",0.644249224361666
"2026_1275_1365",0.747447275167774
"2026_1275_1373",0.970374495650214
"2026_1275_1374",0.89896848098113
"2026_1275_1378",0.857067447984558
"2026_1275_1385",0.447579783918589
"2026_1275_1387",0.620614341510096
"2026_1275_1388",0.382318644403422
"2026_1275_1395",0.883191281015642
"2026_1275_1397",0.707956215608118
"2026_1275_1398",0.955365666420557
"2026_1275_1400",0.897347349596165
"2026_1275_1401",0.868195719064265
"2026_1275_1403",0.522254496148614
"2026_1275_1407",0.951770817144811
"2026_1275_1416",0.85452968652535
"2026_1275_1417",0.855893765138083
"2026_1275_1420",0.971286856075631
"2026_1275_1429",0.626477846527698
"2026_1275_1433",0.676367212090042
"2026_1275_1435",0.770962586884
"2026_1275_1437",0.751648783394897
"2026_1275_1438",0.558250134849718
"2026_1275_1458",0.759337967855716
"2026_1275_1460",0.964861632779555
"2026_1275_1465",0.922956802397809
"2026_1275_1474",0.98020026054999
"2026_1276_1277",0.705666918245153
"2026_1276_1281",0.946759488808719
"2026_1276_1295",0.970482413178797
"2026_1276_1301",0.972084010826923
"2026_1276_1304",0.850783955124836
"2026_1276_1314",0.843977748235319
"2026_1276_1320",0.986922173319706
"2026_1276_1326",0.966673046575884
"2026_1276_1335",0.994037332776186
"2026_1276_1341",0.999717044182006
"2026_1276_1345",0.864248404768851
"2026_1276_1365",0.912314003750553
"2026_1276_1373",0.991390350522895
"2026_1276_1374",0.969021510410935
"2026_1276_1378",0.954710029660725
"2026_1276_1385",0.740145337943345
"2026_1276_1387",0.85186889368714
"2026_1276_1388",0.685132424447447
"2026_1276_1395",0.963742657081112
"2026_1276_1397",0.894980586790539
"2026_1276_1398",0.986884639920224
"2026_1276_1400",0.968485029963934
"2026_1276_1401",0.9586033477347
"2026_1276_1403",0.793516713763177
"2026_1276_1407",0.98579057239869
"2026_1276_1416",0.953812481972871
"2026_1276_1417",0.954295376860307
"2026_1276_1420",0.991661059030564
"2026_1276_1429",0.854993387692063
"2026_1276_1433",0.880197834640689
"2026_1276_1435",0.922078810684486
"2026_1276_1437",0.914088015355136
"2026_1276_1438",0.816264559966407
"2026_1276_1458",0.917301266099125
"2026_1276_1460",0.989746902317081
"2026_1276_1465",0.97680600030967
"2026_1276_1474",0.994286913639747
"2026_1277_1281",0.881220290493541
"2026_1277_1295",0.93205026984572
"2026_1277_1301",0.935598780854532
"2026_1277_1304",0.704032434139185
"2026_1277_1314",0.692948254610019
"2026_1277_1320",0.969215765338917
"2026_1277_1326",0.923671168652179
"2026_1277_1335",0.985825969872041
"2026_1277_1341",0.999322042891228
"2026_1277_1345",0.72648176144233
"2026_1277_1365",0.812758314957575
"2026_1277_1373",0.97960852878033
"2026_1277_1374",0.928826756305792
"2026_1277_1378",0.897902532884123
"2026_1277_1385",0.543027223885447
"2026_1277_1387",0.705815437389442
"2026_1277_1388",0.475836720703521
"2026_1277_1395",0.917283230260069
"2026_1277_1397",0.780480442996268
"2026_1277_1398",0.969129004071729
"2026_1277_1400",0.927646164243605
"2026_1277_1401",0.906199467718341
"2026_1277_1403",0.615872795481155
"2026_1277_1407",0.966603904940354
"2026_1277_1416",0.89600182071639
"2026_1277_1417",0.897023877209746
"2026_1277_1420",0.980242303886546
"2026_1277_1429",0.710975382911617
"2026_1277_1433",0.754010322317192
"2026_1277_1435",0.831562867656458
"2026_1277_1437",0.81614056496187
"2026_1277_1438",0.649548041907859
"2026_1277_1458",0.822305063556595
"2026_1277_1460",0.975771077261707
"2026_1277_1465",0.946150371362056
"2026_1277_1474",0.986414558426192
"2026_1281_1295",0.648942675711683
"2026_1281_1301",0.661912905196653
"2026_1281_1304",0.242752237595563
"2026_1281_1314",0.233208024777066
"2026_1281_1320",0.809268000136268
"2026_1281_1326",0.619890073903635
"2026_1281_1335",0.90359687333155
"2026_1281_1341",0.994991135689645
"2026_1281_1345",0.263592622987176
"2026_1281_1365",0.369074294937765
"2026_1281_1373",0.866204970931318
"2026_1281_1374",0.637511960095773
"2026_1281_1378",0.542375573794331
"2026_1281_1385",0.138037296822381
"2026_1281_1387",0.244331426890115
"2026_1281_1388",0.109004307926587
"2026_1281_1395",0.599112897274795
"2026_1281_1397",0.323933024617491
"2026_1281_1398",0.808819367319168
"2026_1281_1400",0.633406358089103
"2026_1281_1401",0.565586202922805
"2026_1281_1403",0.177678304111399
"2026_1281_1407",0.795942657115849
"2026_1281_1416",0.537267091037097
"2026_1281_1417",0.540004710612667
"2026_1281_1420",0.869895257701548
"2026_1281_1429",0.248972881198828
"2026_1281_1433",0.292327381574451
"2026_1281_1435",0.399516667939744
"2026_1281_1437",0.374301114927159
"2026_1281_1438",0.199859846249634
"2026_1281_1458",0.384100275444828
"2026_1281_1460",0.844415701045595
"2026_1281_1465",0.703074643214445
"2026_1281_1474",0.907278933952489
"2026_1295_1301",0.514285221908298
"2026_1295_1304",0.1477544176231
"2026_1295_1314",0.141248519065734
"2026_1295_1320",0.696478998214453
"2026_1295_1326",0.468643123773024
"2026_1295_1335",0.835231942205963
"2026_1295_1341",0.99077756198171
"2026_1295_1345",0.162185951283241
"2026_1295_1365",0.240331277712963
"2026_1295_1373",0.777842689835392
"2026_1295_1374",0.487479506785433
"2026_1295_1378",0.390606362694488
"2026_1295_1385",0.0797049899552563
"2026_1295_1387",0.148837079286865
"2026_1295_1388",0.0620575629135765
"2026_1295_1395",0.446974196615308
"2026_1295_1397",0.205800184080262
"2026_1295_1398",0.695864770326215
"2026_1295_1400",0.483052539105467
"2026_1295_1401",0.413186300284776
"2026_1295_1403",0.104627721659756
"2026_1295_1407",0.6784051375642
"2026_1295_1416",0.38572247848486
"2026_1295_1417",0.388335947647019
"2026_1295_1420",0.783360611286118
"2026_1295_1429",0.152029433300708
"2026_1295_1433",0.182607367659156
"2026_1295_1435",0.264608156570786
"2026_1295_1437",0.244441231220199
"2026_1295_1438",0.119009391616314
"2026_1295_1458",0.252211056329547
"2026_1295_1460",0.745884752721341
"2026_1295_1465",0.561513866066663
"2026_1295_1474",0.841065883125336
"2026_1301_1304",0.140660721524891
"2026_1301_1314",0.134417907206652
"2026_1301_1320",0.684190445650928
"2026_1301_1326",0.454356869263289
"2026_1301_1335",0.827167001065068
"2026_1301_1341",0.99023715625502
"2026_1301_1345",0.154525022362527
"2026_1301_1365",0.229992415683744
"2026_1301_1373",0.76774980534899
"2026_1301_1374",0.47313032942707
"2026_1301_1378",0.377011117281761
"2026_1301_1385",0.0755885834740039
"2026_1301_1387",0.141700046869629
"2026_1301_1388",0.0587943404063089
"2026_1301_1395",0.432810451138739
"2026_1301_1397",0.196562452810374
"2026_1301_1398",0.683562648236567
"2026_1301_1400",0.468714499543961
"2026_1301_1401",0.399320133142247
"2026_1301_1403",0.0993631392610605
"2026_1301_1407",0.66573602656786
"2026_1301_1416",0.372193398374853
"2026_1301_1417",0.374771126825857
"2026_1301_1420",0.773445398002351
"2026_1301_1429",0.144765356908632
"2026_1301_1433",0.174182368061975
"2026_1301_1435",0.253573528444314
"2026_1301_1437",0.233980019253431
"2026_1301_1438",0.113112581126419
"2026_1301_1458",0.241523617928371
"2026_1301_1460",0.734834925360299
"2026_1301_1465",0.547312624671217
"2026_1301_1474",0.833229480530667
"2026_1304_1314",0.486860832335887
"2026_1304_1320",0.929757923421165
"2026_1304_1326",0.835730466803496
"2026_1304_1335",0.966931951109686
"2026_1304_1341",0.998388923847837
"2026_1304_1345",0.52755636319157
"2026_1304_1365",0.646005298000754
"2026_1304_1373",0.952823261080548
"2026_1304_1374",0.845834558827293
"2026_1304_1378",0.787115593686866
"2026_1304_1385",0.33315002546139
"2026_1304_1387",0.502159644791117
"2026_1304_1388",0.276230705453163
"2026_1304_1395",0.823390009091725
"2026_1304_1397",0.599158609683897
"2026_1304_1398",0.929568036759872
"2026_1304_1400",0.843509266093654
"2026_1304_1401",0.802434665106749
"2026_1304_1403",0.402648646805116
"2026_1304_1407",0.924060600312739
"2026_1304_1416",0.78364935769531
"2026_1304_1417",0.785511255172022
"2026_1304_1420",0.954250654065814
"2026_1304_1429",0.508403739874907
"2026_1304_1433",0.563064516771999
"2026_1304_1435",0.674857170708877
"2026_1304_1437",0.651106671342978
"2026_1304_1438",0.437957734031822
"2026_1304_1458",0.660502739546336
"2026_1304_1460",0.944232076168819
"2026_1304_1465",0.880765386017784
"2026_1304_1474",0.968279884614142
"2026_1314_1320",0.933118460281155
"2026_1314_1326",0.842829039816226
"2026_1314_1335",0.968574112996553
"2026_1314_1341",0.99847139959113
"2026_1314_1345",0.54065248627891
"2026_1314_1365",0.65794688752523
"2026_1314_1373",0.955133551397289
"2026_1314_1374",0.852573527124224
"2026_1314_1378",0.795801661831686
"2026_1314_1385",0.344943749414732
"2026_1314_1387",0.515312974757952
"2026_1314_1388",0.286876285839945
"2026_1314_1395",0.830913958430234
"2026_1314_1397",0.61173069656037
"2026_1314_1398",0.932937002951396
"2026_1314_1400",0.850331893200687
"2026_1314_1401",0.810646052793842
"2026_1314_1403",0.415370187579549
"2026_1314_1407",0.92767250585882
"2026_1314_1416",0.792439560131204
"2026_1314_1417",0.794245671812669
"2026_1314_1420",0.956494235234326
"2026_1314_1429",0.521549280779222
"2026_1314_1433",0.575967490887747
"2026_1314_1435",0.686298105767967
"2026_1314_1437",0.662965954302227
"2026_1314_1438",0.450952680307684
"2026_1314_1458",0.672203431315931
"2026_1314_1460",0.946939656314457
"2026_1314_1465",0.886182902691361
"2026_1314_1474",0.969857194735379
"2026_1320_1326",0.277547381010949
"2026_1320_1335",0.688282672515449
"2026_1320_1341",0.979077440735007
"2026_1320_1345",0.0777641475141195
"2026_1320_1365",0.121113036353564
"2026_1320_1373",0.603978649316664
"2026_1320_1374",0.292937395556623
"2026_1320_1378",0.218260550523339
"2026_1320_1385",0.0363536437893745
"2026_1320_1387",0.0707767066830761
"2026_1320_1388",0.0280124473602537
"2026_1320_1395",0.260384390309525
"2026_1320_1397",0.101424393895139
"2026_1320_1398",0.499153766189023
"2026_1320_1400",0.289279957660208
"2026_1320_1401",0.23471493584779
"2026_1320_1403",0.0484343738353592
"2026_1320_1407",0.478858674479596
"2026_1320_1416",0.21477210142905
"2026_1320_1417",0.216635780256299
"2026_1320_1420",0.61165900171021
"2026_1320_1429",0.0724372598091235
"2026_1320_1433",0.0886808586012633
"2026_1320_1435",0.135495129064586
"2026_1320_1437",0.123515702314748
"2026_1320_1438",0.0555713478355566
"2026_1320_1458",0.128093429048073
"2026_1320_1460",0.561121625606515
"2026_1320_1465",0.358067976541432
"2026_1320_1474",0.697434831695803
"2026_1326_1335",0.851758476565495
"2026_1326_1341",0.991854736623306
"2026_1326_1345",0.179938650804434
"2026_1326_1365",0.263942942189752
"2026_1326_1373",0.798738416837874
"2026_1326_1374",0.518790401038157
"2026_1326_1378",0.420803783838441
"2026_1326_1385",0.089392707364336
"2026_1326_1387",0.16541711418156
"2026_1326_1388",0.0697629273856922
"2026_1326_1395",0.478110417997638
"2026_1326_1397",0.227033187665602
"2026_1326_1398",0.721712552975155
"2026_1326_1400",0.514364456383708
"2026_1326_1401",0.443857905670132
"2026_1326_1403",0.116959682241556
"2026_1326_1407",0.705107950789988
"2026_1326_1416",0.415799952689201
"2026_1326_1417",0.418478379449105
"2026_1326_1420",0.803868198817526
"2026_1326_1429",0.168894522699003
"2026_1326_1433",0.202056282829288
"2026_1326_1435",0.289695385326777
"2026_1326_1437",0.268314066152866
"2026_1326_1438",0.132785064153458
"2026_1326_1458",0.276564954788583
"2026_1326_1460",0.768893294859767
"2026_1326_1465",0.592086534979287
"2026_1326_1474",0.857107371746124
"2026_1335_1341",0.954912997941868
"2026_1335_1345",0.0367605404495066
"2026_1335_1365",0.0587073841665232
"2026_1335_1373",0.408375314039309
"2026_1335_1374",0.157902661655683
"2026_1335_1378",0.112187548489286
"2026_1335_1385",0.016787569859362
"2026_1335_1387",0.0333243176003656
"2026_1335_1388",0.0128757454364561
"2026_1335_1395",0.137438704340301
"2026_1335_1397",0.0486026492878482
"2026_1335_1398",0.310851498191363
"2026_1335_1400",0.155560258218306
"2026_1335_1401",0.1218921055768
"2026_1335_1403",0.0225182081338947
"2026_1335_1407",0.293722600041252
"2026_1335_1416",0.110155565027644
"2026_1335_1417",0.111240042152571
"2026_1335_1420",0.416182293941654
"2026_1335_1429",0.0341384504365024
"2026_1335_1433",0.0421843660704329
"2026_1335_1435",0.0662373494816628
"2026_1335_1437",0.0599564894605693
"2026_1335_1438",0.0259404492818709
"2026_1335_1458",0.0623461514632136
"2026_1335_1460",0.366551149652849
"2026_1335_1465",0.201569110629599
"2026_1335_1474",0.510587379733754
"2026_1341_1345",0.00179634553325869
"2026_1341_1365",0.0029323499913483
"2026_1341_1373",0.0315228639308922
"2026_1341_1374",0.00876449917203304
"2026_1341_1378",0.00592333650244059
"2026_1341_1385",0.000804477778108319
"2026_1341_1387",0.00162292396114591
"2026_1341_1388",0.000614690668734277
"2026_1341_1395",0.00745746652724794
"2026_1341_1397",0.00240312403000373
"2026_1341_1398",0.0208268103702999
"2026_1341_1400",0.00861185704594737
"2026_1341_1401",0.00650305361659661
"2026_1341_1403",0.0010851174233337
"2026_1341_1407",0.0192331723452181
"2026_1341_1416",0.00580346938241936
"2026_1341_1417",0.00586737830504073
"2026_1341_1420",0.032521513919604
"2026_1341_1429",0.00166390604846278
"2026_1341_1433",0.00207248646380953
"2026_1341_1435",0.00333379797666995
"2026_1341_1437",0.00299852133757527
"2026_1341_1438",0.0012542093877744
"2026_1341_1458",0.00312558030942804
"2026_1341_1460",0.0265616223983835
"2026_1341_1465",0.0117644123683713
"2026_1341_1474",0.0468880248635275
"2026_1345_1365",0.620394285803457
"2026_1345_1373",0.947609877405613
"2026_1345_1374",0.830896432898725
"2026_1345_1378",0.768048063575065
"2026_1345_1385",0.309111619716774
"2026_1345_1387",0.474605612729903
"2026_1345_1388",0.254730468764332
"2026_1345_1395",0.806773901318408
"2026_1345_1397",0.572401716853876
"2026_1345_1398",0.921995164533715
"2026_1345_1400",0.828391539948975
"2026_1345_1401",0.784363330857117
"2026_1345_1403",0.376426274850663
"2026_1345_1407",0.915949109214373
"2026_1345_1416",0.764364307235132
"2026_1345_1417",0.766342685145365
"2026_1345_1420",0.949186595988412
"2026_1345_1429",0.480838006579328
"2026_1345_1433",0.535765066639693
"2026_1345_1435",0.650203276623666
"2026_1345_1437",0.625650862308482
"2026_1345_1438",0.411018075354076
"2026_1345_1458",0.63534853998774
"2026_1345_1460",0.938130948239263
"2026_1345_1465",0.868686479949921
"2026_1345_1474",0.964711313778289
"2026_1365_1373",0.91712822187766
"2026_1365_1374",0.750395306679906
"2026_1365_1378",0.669527774244855
"2026_1365_1385",0.21491524477668
"2026_1365_1387",0.355961224896968
"2026_1365_1388",0.172957234230946
"2026_1365_1395",0.718677365561029
"2026_1365_1397",0.450261243763961
"2026_1365_1398",0.87852085634765
"2026_1365_1400",0.747060969302805
"2026_1365_1401",0.689975622847348
"2026_1365_1403",0.269725267715357
"2026_1365_1407",0.869581805395074
"2026_1365_1416",0.664961897109266
"2026_1365_1417",0.667411711527983
"2026_1365_1420",0.919544420016198
"2026_1365_1429",0.361708223227696
"2026_1365_1433",0.413875482327206
"2026_1365_1435",0.532120889587104
"2026_1365_1437",0.505582642659968
"2026_1365_1438",0.299216750988473
"2026_1365_1458",0.515984459511783
"2026_1365_1460",0.902700533404677
"2026_1365_1465",0.80188577705593
"2026_1365_1474",0.94358728985011
"2026_1373_1374",0.213527374194264
"2026_1373_1378",0.154665910228566
"2026_1373_1385",0.0241255494364389
"2026_1373_1387",0.0475411293800923
"2026_1373_1388",0.0185360714079187
"2026_1373_1395",0.187459303800169
"2026_1373_1397",0.0688731058922538
"2026_1373_1398",0.395077710371358
"2026_1373_1400",0.210566139072438
"2026_1373_1401",0.167352329284365
"2026_1373_1403",0.0322788589365567
"2026_1373_1407",0.375838801035117
"2026_1373_1416",0.151996263534545
"2026_1373_1417",0.153421639884477
"2026_1373_1420",0.507913974399173
"2026_1373_1429",0.0486850948743401
"2026_1373_1433",0.0599466475293682
"2026_1373_1435",0.0931425774117595
"2026_1373_1437",0.0845414546229367
"2026_1373_1438",0.037128146476232
"2026_1373_1458",0.0878194494601903
"2026_1373_1460",0.455885697868542
"2026_1373_1465",0.267686505668527
"2026_1373_1474",0.601682340879873
"2026_1374_1378",0.402520792966154
"2026_1374_1385",0.0834345719033696
"2026_1374_1387",0.155255786049084
"2026_1374_1388",0.065019721713992
"2026_1374_1395",0.459312069688893
"2026_1374_1397",0.214057665629867
"2026_1374_1398",0.706298560430463
"2026_1374_1400",0.495494013885794
"2026_1374_1401",0.425308784926328
"2026_1374_1403",0.109384884313673
"2026_1374_1407",0.689170353205836
"2026_1374_1416",0.397585130811755
"2026_1374_1417",0.400226607625589
"2026_1374_1420",0.791691288990624
"2026_1374_1429",0.158560166096862
"2026_1374_1433",0.190157077450562
"2026_1374_1435",0.274409953805531
"2026_1374_1437",0.253753763413988
"2026_1374_1438",0.124329653967032
"2026_1374_1458",0.261717063178672
"2026_1374_1460",0.75520619930868
"2026_1374_1465",0.573733354023212
"2026_1374_1474",0.847609228658559
"2026_1378_1385",0.119012704747818
"2026_1378_1387",0.214299325662583
"2026_1378_1388",0.0935468422755837
"2026_1378_1395",0.557653758912917
"2026_1378_1397",0.287843607738225
"2026_1378_1398",0.78112459737191
"2026_1378_1400",0.593084976456366
"2026_1378_1401",0.523417934922974
"2026_1378_1403",0.15416746950637
"2026_1378_1407",0.766920085414879
"2026_1378_1416",0.494805302272638
"2026_1378_1417",0.497559205734193
"2026_1378_1420",0.849400665677551
"2026_1378_1429",0.218535260983885
"2026_1378_1433",0.258413248411871
"2026_1378_1435",0.359484038002226
"2026_1378_1437",0.335383948779448
"2026_1378_1438",0.174035079123509
"2026_1378_1458",0.344725590837064
"2026_1378_1460",0.82073459085545
"2026_1378_1465",0.666379989958128
"2026_1378_1474",0.891941651531798
"2026_1385_1387",0.668816043688971
"2026_1385_1388",0.43314282693672
"2026_1385_1395",0.903233701894805
"2026_1385_1397",0.749539346584854
"2026_1385_1398",0.963535468655775
"2026_1385_1400",0.915194058577256
"2026_1385_1401",0.890492099696907
"2026_1385_1403",0.574382697516771
"2026_1385_1407",0.9605714593581
"2026_1385_1416",0.878815167054733
"2026_1385_1417",0.879983503600288
"2026_1385_1420",0.976613803236096
"2026_1385_1429",0.67432551026788
"2026_1385_1433",0.720673552703535
"2026_1385_1435",0.806032422000124
"2026_1385_1437",0.788866038048803
"2026_1385_1438",0.609388322978665
"2026_1385_1458",0.795716109794111
"2026_1385_1460",0.971345439579821
"2026_1385_1465",0.936665417033018
"2026_1385_1474",0.983900975626118
"2026_1387_1388",0.274521896890362
"2026_1387_1395",0.822141251981092
"2026_1387_1397",0.597100180038547
"2026_1387_1398",0.929005301338754
"2026_1387_1400",0.842375533485993
"2026_1387_1401",0.801073535766668
"2026_1387_1403",0.400590639486541
"2026_1387_1407",0.923457485032854
"2026_1387_1416",0.782193935815579
"2026_1387_1417",0.784064907202949
"2026_1387_1420",0.953875341783129
"2026_1387_1429",0.506263308593684
"2026_1387_1433",0.560956554625183
"2026_1387_1435",0.672975300913163
"2026_1387_1437",0.649158801736677
"2026_1387_1438",0.435850934450097
"2026_1387_1458",0.658579820683666
"2026_1387_1460",0.943779417080796
"2026_1387_1465",0.879863121806409
"2026_1387_1474",0.968015805853575
"2026_1388_1395",0.924352156319302
"2026_1388_1397",0.796648672631603
"2026_1388_1398",0.971902936957565
"2026_1388_1400",0.93389330419935
"2026_1388_1401",0.914126930665705
"2026_1388_1403",0.638550155508941
"2026_1388_1407",0.969597614341368
"2026_1388_1416",0.90470049316112
"2026_1388_1417",0.905646064543321
"2026_1388_1420",0.982036154165911
"2026_1388_1429",0.730495147891181
"2026_1388_1433",0.771557513280022
"2026_1388_1435",0.84471728554925
"2026_1388_1437",0.830253556469983
"2026_1388_1438",0.671298405476099
"2026_1388_1458",0.836039931486008
"2026_1388_1460",0.977961754472367
"2026_1388_1465",0.95088442156664
"2026_1388_1474",0.987655071859851
"2026_1395_1397",0.24272554930565
"2026_1395_1398",0.738911343956882
"2026_1395_1400",0.536141653515901
"2026_1395_1401",0.465511403466152
"2026_1395_1403",0.126286869559888
"2026_1395_1407",0.722938991021301
"2026_1395_1416",0.437160608255806
"2026_1395_1417",0.439873028522589
"2026_1395_1420",0.817275095092356
"2026_1395_1429",0.181512028798634
"2026_1395_1433",0.216505815229402
"2026_1395_1435",0.307993133147014
"2026_1395_1437",0.285804721110477
"2026_1395_1438",0.143169662871545
"2026_1395_1458",0.294377069739507
"2026_1395_1460",0.784048700080446
"2026_1395_1465",0.613000722399088
"2026_1395_1474",0.867474984132574
"2026_1397_1398",0.898263728812401
"2026_1397_1400",0.782888814823614
"2026_1397_1401",0.730977586775915
"2026_1397_1403",0.310788809137519
"2026_1397_1407",0.890596541612368
"2026_1397_1416",0.707871382996406
"2026_1397_1417",0.710144207032698
"2026_1397_1420",0.933127616010544
"2026_1397_1429",0.408933768230813
"2026_1397_1433",0.462971833048539
"2026_1397_1435",0.581331935051916
"2026_1397_1437",0.555252006839287
"2026_1397_1438",0.342663388689707
"2026_1397_1458",0.565506891279823
"2026_1397_1460",0.918876580282569
"2026_1397_1465",0.831697409559399
"2026_1397_1474",0.953317433551144
"2026_1398_1400",0.289878409500854
"2026_1398_1401",0.235237867881264
"2026_1398_1403",0.0485686222928423
"2026_1398_1407",0.479584672744326
"2026_1398_1416",0.215263099839159
"2026_1398_1417",0.217129861150602
"2026_1398_1420",0.612349762330578
"2026_1398_1429",0.0726329602545865
"2026_1398_1433",0.0889162368573948
"2026_1398_1435",0.135836241754697
"2026_1398_1437",0.123830976354626
"2026_1398_1438",0.0557242198278901
"2026_1398_1458",0.128418675758228
"2026_1398_1460",0.561837884415584
"2026_1398_1465",0.358736905308945
"2026_1398_1474",0.698048338243502
"2026_1400_1401",0.429643402595774
"2026_1400_1403",0.111122282266798
"2026_1400_1407",0.692951586030036
"2026_1400_1416",0.40183476237074
"2026_1400_1417",0.404485515648731
"2026_1400_1420",0.794597067320384
"2026_1400_1429",0.160937490142508
"2026_1400_1433",0.192899535956058
"2026_1400_1435",0.277950471941446
"2026_1400_1437",0.257122211354592
"2026_1400_1438",0.126270770300415
"2026_1400_1458",0.265153659715447
"2026_1400_1460",0.75846565005983
"2026_1400_1465",0.578059106752732
"2026_1400_1474",0.849882890351251
"2026_1401_1403",0.142305848696973
"2026_1401_1407",0.749700234012536
"2026_1401_1416",0.471339802825406
"2026_1401_1417",0.474085664141844
"2026_1401_1420",0.83697914992881
"2026_1401_1429",0.202909249671939
"2026_1401_1433",0.240814510732167
"2026_1401_1435",0.338140609160252
"2026_1401_1437",0.314768223802178
"2026_1401_1438",0.160935694773327
"2026_1401_1458",0.323815417507424
"2026_1401_1460",0.806487343783215
"2026_1401_1465",0.645168926844439
"2026_1401_1474",0.882543737543615
"2026_1403_1407",0.947520950038364
"2026_1403_1416",0.843123455307989
"2026_1403_1417",0.84457503678667
"2026_1403_1420",0.968700152039696
"2026_1403_1429",0.605446421212348
"2026_1403_1433",0.656605098551623
"2026_1403_1435",0.754883441792338
"2026_1403_1437",0.734680365546225
"2026_1403_1438",0.53622102790102
"2026_1403_1458",0.742715081071109
"2026_1403_1460",0.96171890795003
"2026_1403_1465",0.916390940985452
"2026_1403_1474",0.97839868714748
"2026_1407_1416",0.229305791010319
"2026_1407_1417",0.231258443031912
"2026_1407_1420",0.631452335685014
"2026_1407_1429",0.0782995556048842
"2026_1407_1433",0.0957220757150648
"2026_1407_1435",0.14565927078624
"2026_1407_1437",0.132919376452044
"2026_1407_1438",0.0601572211924577
"2026_1407_1458",0.137790831207465
"2026_1407_1460",0.581729362587473
"2026_1407_1465",0.377635078427136
"2026_1407_1474",0.714894089276583
"2026_1416_1417",0.502701440283911
"2026_1416_1420",0.852012984167648
"2026_1416_1429",0.222068336209262
"2026_1416_1433",0.262374574265894
"2026_1416_1435",0.364233746947695
"2026_1416_1437",0.33998425229499
"2026_1416_1438",0.177011678470805
"2026_1416_1458",0.349386669119232
"2026_1416_1460",0.82374097189268
"2026_1416_1465",0.670937113116617
"2026_1416_1474",0.89390821566172
"2026_1417_1420",0.850617380439641
"2026_1417_1429",0.220169433432878
"2026_1417_1433",0.260246314075991
"2026_1417_1435",0.361684385072084
"2026_1417_1437",0.337514513598115
"2026_1417_1438",0.175411180237631
"2026_1417_1458",0.346884526037619
"2026_1417_1460",0.822134406339828
"2026_1417_1465",0.668498272334891
"2026_1417_1474",0.892858024362658
"2026_1420_1429",0.0472146841047532
"2026_1420_1433",0.0581569029382228
"2026_1420_1435",0.0904571152895209
"2026_1420_1437",0.0820815321353904
"2026_1420_1438",0.0359935777849565
"2026_1420_1458",0.0852730308897587
"2026_1420_1460",0.447907302211491
"2026_1420_1465",0.261419327866698
"2026_1420_1474",0.593937586373636
"2026_1429_1433",0.554794420626755
"2026_1429_1435",0.667453343877615
"2026_1429_1437",0.643447758693177
"2026_1429_1438",0.429717990931782
"2026_1429_1458",0.65294014522279
"2026_1429_1460",0.942438999395944
"2026_1429_1465",0.877197091507373
"2026_1429_1474",0.967233172862344
"2026_1433_1435",0.616955972414138
"2026_1433_1437",0.591535931524184
"2026_1433_1438",0.37682571902497
"2026_1433_1458",0.601554547855195
"2026_1433_1460",0.929273602694222
"2026_1433_1465",0.851461412092686
"2026_1433_1474",0.959494987746805
"2026_1435_1437",0.473418203467614
"2026_1435_1438",0.272933566465126
"2026_1435_1458",0.483805817396352
"2026_1435_1460",0.890790219140738
"2026_1435_1465",0.780633752834046
"2026_1435_1474",0.936328859805875
"2026_1437_1438",0.294541584343279
"2026_1437_1458",0.510389106806621
"2026_1437_1460",0.900715513493885
"2026_1437_1465",0.798303571586338
"2026_1437_1474",0.942383165749597
"2026_1438_1458",0.714044070242534
"2026_1438_1460",0.956007420337057
"2026_1438_1465",0.904587528373256
"2026_1438_1474",0.975111397009008
"2026_1458_1460",0.896928202789747
"2026_1458_1465",0.79151390237099
"2026_1458_1474",0.940079572118316
"2026_1460_1465",0.303644468833714
"2026_1460_1474",0.643105626357195
"2026_1465_1474",0.805107385715845
